Day;Month;Year;SolarHours;AverageTemperatur;Rain;AverageAirPressure;AverageHumidity;EnergyProduction
1;12;2017;0;1.6875;0;1016.0375;89.25;646
2;12;2017;0;5.025;4.2;1015.8625;89.83333333;596
3;12;2017;2.38;6.416666667;0;1009.345833;77.875;2248
4;12;2017;5.91;4.5625;0.4;1016.404167;75.375;1497
5;12;2017;0;7.2875;3.1;1012.404167;90.95833333;1019
6;12;2017;0;7.720833333;5.9;1008.833333;94.29166667;101
7;12;2017;0;7.425;2.6;995.4;92.625;20
8;12;2017;0;5.608333333;0;986.1375;79.45833333;1053
9;12;2017;0.69;5.316666667;0.3;988.9291667;67.33333333;1712
10;12;2017;0.72;2.654166667;5.7;986.7625;86.33333333;1363
11;12;2017;0.95;0.954166667;3.9;989.7375;89.625;0
12;12;2017;1.68;1.804166667;0.6;994.0875;85.91666667;0
13;12;2017;0;4.15;10.1;992.3625;89.29166667;90
14;12;2017;0;2.454166667;8.7;980.0416667;95;134
15;12;2017;0;2.604166667;1.5;989.75;86.04166667;372
16;12;2017;0.51;0.829166667;0.8;1001.008333;89.45833333;61
17;12;2017;5.81;1.204166667;0;1015.270833;86.70833333;75
18;12;2017;0;4.058333333;0.7;1019.808333;90.79166667;344
19;12;2017;0.88;3.6375;1.1;1027.108333;96.625;1279
20;12;2017;0;5.408333333;0;1024.891667;100;105
21;12;2017;1.88;5.566666667;0;1022.929167;89.5;1452
22;12;2017;1.01;5.5875;3.4;1022.5;85.16666667;1420
23;12;2017;0;7.775;0;1005.704167;91.5;296
24;12;2017;0;6.466666667;16.6;1003.125;93.83333333;137
25;12;2017;0;6.520833333;4.7;999.1708333;98.70833333;109
26;12;2017;0;5.804166667;1.2;986.325;89.41666667;33
27;12;2017;0;4.833333333;9.4;985.8041667;88.83333333;700
28;12;2017;0;4.679166667;2.6;986.2208333;92.16666667;681
29;12;2017;0.45;4.2875;0.2;993.65;87.79166667;1214
30;12;2017;0;3.320833333;11.3;995.1833333;88.375;325
31;12;2017;0;4.258333333;10.8;992.575;93.54166667;60
1;1;2018;0;5.275;10.8;987.2833333;94.58333333;103
2;1;2018;3.7;5.341666667;0;996.7666667;91.75;1628
3;1;2018;0;3.858333333;6.1;984.1333333;91.75;127
4;1;2018;0.2;3.029166667;0.1;986.2166667;88.91666667;814
5;1;2018;0;2.45;0.6;991.0833333;89.29166667;1166
6;1;2018;0.38;0.116666667;0;1008.958333;76.75;1335
7;1;2018;6.19;1.145833333;0;1028.35;71.91666667;1382
8;1;2018;2.8;3.45;0;1033.454167;92.83333333;1903
9;1;2018;6.47;2.475;0;1027.1625;76.375;1686
10;1;2018;0;3.433333333;9.2;1016.15;85.20833333;64
11;1;2018;0;2.475;0.3;1022.8625;93.70833333;477
12;1;2018;0;1.3625;0;1034.875;86.83333333;422
13;1;2018;0;0.979166667;0;1036.35;74.95833333;74
14;1;2018;0;0.154166667;0;1029.854167;71.625;110
15;1;2018;0;1;4.9;1005.258333;87.5;152
16;1;2018;0;2.6625;1.8;980.3875;94.79166667;1464
17;1;2018;0.2;2.470833333;0;986.8041667;92.33333333;1680
18;1;2018;0;1.295833333;3;992.2083333;91.54166667;878
19;1;2018;6.65;0.716666667;1.1;1001.254167;86.04166667;2794
20;1;2018;0;0.958333333;1.3;1003.245833;95.95833333;904
21;1;2018;0;0.970833333;0;1013.1875;90.33333333;1186
22;1;2018;0;0.845833333;0;1012.7625;85.16666667;1496
23;1;2018;0;1.858333333;13.1;1012.833333;90.20833333;198
24;1;2018;0;5.166666667;3.9;998.2125;96.83333333;99
25;1;2018;0;4.770833333;0;1002.2125;91.70833333;309
26;1;2018;0;4.245833333;0;1013.858333;94.54166667;1837
27;1;2018;4.29;3.083333333;5.1;1018.975;89.54166667;3757
28;1;2018;0;5.354166667;9.1;1006.175;87.125;776
29;1;2018;0;4.4125;6.7;1003.025;93.08333333;900
30;1;2018;4.23;4.233333333;2;1011.970833;88.33333333;4063
31;1;2018;0;3.754166667;4.6;995.05;92.33333333;248
1;2;2018;0.31;3.604166667;0;988.3625;89.66666667;4278
2;2;2018;0.04;-0.941666667;0.5;1002.708333;82.54166667;2713
3;2;2018;0;-2.166666667;0;1008.745833;83.58333333;2954
4;2;2018;0.16;-2.408333333;0;1027.483333;78.08333333;2636
5;2;2018;8.02;-4.654166667;0;1032.883333;78.875;4979
6;2;2018;0;-2.958333333;0.1;1018.208333;75.16666667;704
7;2;2018;0;0.375;0;1014.275;87.45833333;644
8;2;2018;1.03;1.779166667;0;1016.4;89.70833333;4485
9;2;2018;3.92;0.766666667;0;1015.691667;75.20833333;6009
10;2;2018;1.3;0.583333333;0;1013.341667;79.58333333;2887
11;2;2018;0;0.766666667;4.5;996.1458333;86.95833333;2208
12;2;2018;0.05;2.241666667;3.1;990.6541667;89.08333333;1175
13;2;2018;0.03;2.075;0;1009.7;91;2773
14;2;2018;4.63;1.491666667;0;1018.758333;90.5;7828
15;2;2018;0.63;1.045833333;3.3;1013.95;79.83333333;6283
16;2;2018;0.32;2.125;0;1013.545833;91.45833333;2238
17;2;2018;0.89;0.7625;0;1023.6875;89.79166667;4022
18;2;2018;0;2.195833333;6.1;1023.129167;92.625;3800
19;2;2018;0;1.191666667;7.7;1020.295833;96.75;14
20;2;2018;1.64;0.720833333;1.5;1026.291667;88.58333333;1602
21;2;2018;0;0.191666667;3.2;1026.820833;93.58333333;10
22;2;2018;2.19;-3.029166667;0;1029.779167;85.375;7
23;2;2018;0;-1.320833333;0;1029.7375;85.875;0
24;2;2018;7.72;-2.829166667;0;1037.433333;65.29166667;129
25;2;2018;9.47;-5.216666667;0;1039.6625;69.66666667;405
26;2;2018;9.69;-4.654166667;0;1037.270833;74.875;1206
27;2;2018;7.29;-6.825;0;1035.35;67.70833333;1941
28;2;2018;7.13;-8.0625;0;1039.433333;73.54166667;2467
1;3;2018;5.53;-6.2875;0;1030.366667;75.95833333;2813
2;3;2018;1.35;-3.666666667;0;1016.766667;78.29166667;2143
3;3;2018;0.06;-1.679166667;0;1011.475;77.625;3308
4;3;2018;0.44;-1.4625;0;1008.045833;72.25;5998
5;3;2018;0;-1.108333333;8.8;1000.320833;85.58333333;2565
6;3;2018;0;0.5375;0;997.7416667;99.54166667;169
7;3;2018;5.13;1.225;5.1;998.8875;91.5;9296
8;3;2018;0;-0.333333333;1.9;998.1708333;99.16666667;1
9;3;2018;0;-1.283333333;0;1001.354167;90.70833333;96
10;3;2018;2.76;-1.066666667;0;1007.920833;83.79166667;447
11;3;2018;0;0.4625;8.1;1002.083333;92.625;404
12;3;2018;0;1.9;0;992.9375;99.75;3910
13;3;2018;0;1.1875;0;996.9958333;95.29166667;3678
14;3;2018;5.27;0.704166667;0;1012.8875;78.41666667;5462
15;3;2018;2.64;-0.9625;0;1018.808333;68.04166667;9529
16;3;2018;10.85;-3.125;0;1025.008333;59.5;18411
17;3;2018;11.41;-3.108333333;0;1029.9875;60.75;20928
18;3;2018;11.67;-2.591666667;0;1027.370833;61.54166667;20243
19;3;2018;4.18;-0.0125;0.5;1014.170833;80.16666667;16489
20;3;2018;11.64;0.4;0;1019.504167;74.83333333;19172
21;3;2018;4.3;1.458333333;4;1016.970833;88.625;16355
22;3;2018;0;0.354166667;0;1007.629167;99.58333333;3558
23;3;2018;0;0.183333333;0.1;1005.766667;96;3935
24;3;2018;0;1.233333333;1;1003.220833;99.29166667;1829
25;3;2018;7.24;1.429166667;0;1006.2125;96.54166667;9833
26;3;2018;0;1.808333333;3.4;1011.883333;89.91666667;8131
27;3;2018;0.37;-0.704166667;0;1017.095833;80.25;7147
28;3;2018;11.59;-0.966666667;0;1014.3375;59.83333333;25934
29;3;2018;9.69;0.6125;0;1009.779167;60.33333333;24398
30;3;2018;12.28;0.645833333;0;1011.25;63.25;25195
31;3;2018;10.81;0.704166667;0;1009.391667;63.29166667;24521
1;4;2018;9.24;2.004166667;0;1006.395833;68.79166667;20345
2;4;2018;12.33;1.283333333;0;1006.341667;69.79166667;26543
3;4;2018;0.02;1.633333333;5.3;1002.216667;75.70833333;4987
4;4;2018;1.63;4.154166667;7.3;998.9083333;97.375;18290
5;4;2018;0.37;3.929166667;1.8;998.9208333;92.5;9635
6;4;2018;12.81;3.683333333;0;1016.175;77.66666667;28756
7;4;2018;7.63;4.325;0;1017.008333;75.625;23720
8;4;2018;10.43;5.191666667;0;1010.008333;77.66666667;26774
9;4;2018;5.62;4.554166667;0;1008.216667;94.5;20973
10;4;2018;7.18;6.320833333;0;1018.570833;68.70833333;25060
11;4;2018;11.43;6.491666667;0;1022.483333;51.83333333;29609
12;4;2018;11.32;7.725;0;1019.275;54.79166667;27990
13;4;2018;12.01;10.3;0;1016.141667;53.54166667;27786
14;4;2018;6.55;9.066666667;0.1;1015.495833;68.20833333;16766
15;4;2018;0.54;5.4625;2.8;1014.3;98.41666667;2189
16;4;2018;1.41;6.35;0;1015.183333;99.125;14917
17;4;2018;0.43;6.166666667;0;1022.458333;98.45833333;9260
18;4;2018;5.51;8.2875;0;1027.9;90.625;25059
19;4;2018;5.05;8.258333333;0;1030.2375;98.91666667;17870
20;4;2018;12.77;8.645833333;0;1018.283333;88.66666667;31552
21;4;2018;14.1;8.554166667;0;1016.245833;82.5;32945
22;4;2018;8.87;5.9125;2.5;1015.1625;95.75;23386
23;4;2018;3.12;8.625;4.3;1005.033333;85.66666667;15348
24;4;2018;0;7.679166667;0.3;1002.325;93.04166667;9678
25;4;2018;5.66;7.916666667;0.2;1001.0125;84.29166667;22855
26;4;2018;0.53;7.395833333;10;1004.516667;87.33333333;17417
27;4;2018;4.5;8.1;0.1;1008.8625;84.125;28664
28;4;2018;3.78;8.475;2.1;1011.666667;85.875;23523
29;4;2018;4.35;8.941666667;0.7;1012.366667;80.79166667;27809
30;4;2018;0.11;10.0375;15.9;1005.816667;87.75;17915
1;5;2018;1.17;8.6;2.3;1001.4125;91.75;9407
2;5;2018;10.99;9.158333333;0;1011.85;81.125;35255
3;5;2018;7.59;9.0625;1.2;1012.85;74.16666667;21817
4;5;2018;9.22;9.0125;0;1023.670833;80.5;32772
5;5;2018;10.55;10.42083333;0;1027.7625;84.41666667;32926
6;5;2018;13.32;11.24583333;0;1026.983333;85.25;35981
7;5;2018;15.1;12.40416667;0;1022.879167;82.75;35774
8;5;2018;15.08;14.18333333;0;1018.308333;69.91666667;35320
9;5;2018;15.34;14.72083333;0;1013.7625;67.04166667;35982
10;5;2018;13.12;15.02916667;0.7;1010.208333;70.70833333;36537
11;5;2018;10.24;12.825;0;1017.966667;80.33333333;30684
12;5;2018;11.26;13.55416667;0;1020.358333;58.91666667;38257
13;5;2018;7.19;17.4375;0;1019.208333;74.375;28364
14;5;2018;13.28;17.10416667;0;1020.291667;58.875;34788
15;5;2018;15.42;16.90416667;0;1018.908333;67.20833333;37324
16;5;2018;11.18;16.47083333;0;1014.966667;78.625;38022
17;5;2018;9.38;16.62083333;0;1014.420833;65.79166667;33314
18;5;2018;14.35;15.5125;0;1019.191667;50.29166667;32291
19;5;2018;15.67;14.8375;0;1023.129167;73.66666667;38879
20;5;2018;12.38;16.26666667;0;1027.0875;87.91666667;37865
21;5;2018;12.73;16.0375;0;1026.0625;66.125;33577
22;5;2018;15.78;16.98333333;0;1019.9;64.54166667;36053
23;5;2018;15.72;17.57083333;0;1024.65;72.66666667;38542
24;5;2018;15.77;18.0375;0;1028.075;69.375;38517
25;5;2018;14.07;18.55;0;1026.6125;71.70833333;35065
26;5;2018;12.09;18.85;0;1026.716667;74.20833333;30468
27;5;2018;3.73;18.10416667;1.3;1027.070833;70.91666667;8510
28;5;2018;2.43;16.93333333;6.1;1025.520833;70.5;13350
29;5;2018;4.24;19.48333333;0;1021.920833;82.875;30491
30;5;2018;15.84;21.60416667;0;1020.4;67.70833333;38741
31;5;2018;16.01;21.47916667;0;1020.775;56.5;39926
1;6;2018;16.04;19.69583333;0;1018.458333;69;39611
2;6;2018;15.76;20.79583333;0;1015.079167;69.20833333;39322
3;6;2018;15.79;21.3375;0;1012.9125;69.5;39008
4;6;2018;10.6;20.0125;0;1007.770833;73.16666667;32613
5;6;2018;16.3;16.54166667;0;1015.958333;41.83333333;41935
6;6;2018;8.32;17.25416667;0;1018.833333;65.25;31102
7;6;2018;15.62;18.79583333;0;1017.441667;72.95833333;36028
8;6;2018;16.29;20.3;0;1015.475;69.20833333;38957
9;6;2018;13.63;19.8375;0;1015.020833;76.33333333;32774
10;6;2018;5.14;18.84166667;4.4;1010.3125;83.79166667;23867
11;6;2018;0.68;15.85416667;0.7;1003.9875;79.29166667;10238
12;6;2018;10.32;17.44166667;0;1006.229167;74.70833333;32978
13;6;2018;14.54;16.45416667;0;1007.645833;76.33333333;40037
14;6;2018;2.34;15.80833333;2.4;1008.1875;77.91666667;20981
15;6;2018;8.02;16.35833333;0;1014.125;65.91666667;40041
16;6;2018;7.88;16.825;5.2;1016.033333;68.45833333;28093
17;6;2018;2.36;16.075;3.1;1011.004167;78.33333333;22510
18;6;2018;2.94;15.75416667;0;1012.641667;79.58333333;22782
19;6;2018;7.53;15.4625;0.8;1013.145833;67.04166667;35380
20;6;2018;2.3;14.68333333;8.3;1011.916667;86.58333333;8142
21;6;2018;3.26;14.04166667;4.9;1004.083333;73.375;34957
22;6;2018;9.84;15.225;0;1009.116667;63.41666667;37695
23;6;2018;13.92;15.60833333;0;1013.958333;57.125;42683
24;6;2018;16.11;16.1375;0;1015.366667;82.83333333;41592
25;6;2018;10.61;17.96666667;0;1017.720833;78.75;35977
26;6;2018;16.28;19.4;0;1023.2625;77.5;38832
27;6;2018;14.87;19.47083333;0;1026.983333;85.54166667;38905
28;6;2018;16.38;20.91666667;0;1023.058333;76.20833333;39635
29;6;2018;16.44;18.075;0;1020.575;57.54166667;40883
30;6;2018;16.53;18.20833333;0;1022.325;51.70833333;39742
1;7;2018;16.51;18.95;0;1023.8125;49.25;39466
2;7;2018;16.5;18.44166667;0;1018.241667;58.33333333;41257
3;7;2018;16.42;19.54583333;0;1014.191667;76.91666667;40937
4;7;2018;15.84;19.1625;0;1012.133333;75.58333333;40080
5;7;2018;8.75;17.91666667;0;1008.845833;74.375;36687
6;7;2018;12.5;18.19166667;0;1010.1625;77.83333333;25776
7;7;2018;11.67;19.91666667;0;1015.404167;74.33333333;34870
8;7;2018;15.65;20.00416667;0;1019.0375;71.04166667;39063
9;7;2018;8.89;19.125;0.8;1012.491667;76.08333333;35868
10;7;2018;10.82;20.1375;0;1018.925;66.33333333;25185
11;7;2018;8.66;20.80833333;0;1017.979167;73.875;32032
12;7;2018;11.9;21.375;0;1015.4;69.04166667;27411
13;7;2018;16.01;20.95416667;0;1015.329167;77.41666667;38283
14;7;2018;4.02;16.7;0;1016.233333;74.58333333;17955
15;7;2018;4.58;18.37083333;0;1016.504167;79.70833333;21893
16;7;2018;12.69;19.775;0;1015.829167;76.45833333;37472
17;7;2018;5.7;21.6;0.7;1012.9875;72.29166667;24039
18;7;2018;2.93;20.71666667;1.8;1014.233333;82.375;15496
19;7;2018;13.34;19.94166667;0;1015.616667;71.83333333;37079
20;7;2018;15.39;18.93333333;0;1012.708333;72.45833333;37446
21;7;2018;11.18;19.83333333;0;1010.7875;70.5;33407
22;7;2018;6.21;19.67083333;0;1010.329167;73.70833333;30902
23;7;2018;8.42;20.37083333;0;1012.75;80.20833333;27514
24;7;2018;8.72;20.04583333;0;1014.7375;87.5;19595
25;7;2018;15.68;21.89583333;0;1016.408333;81.625;33807
26;7;2018;15.68;22.13333333;0;1019.716667;64.5;35420
27;7;2018;12.89;22.85;0;1020.025;67.08333333;33533
28;7;2018;8.57;23.66666667;4.1;1012.120833;71.16666667;22644
29;7;2018;11.36;21.42916667;0;1013.7625;68.875;34337
30;7;2018;4.81;22.8125;0;1017.004167;65.79166667;27072
31;7;2018;9.05;23.67916667;0;1016.895833;67.54166667;31733
1;8;2018;7.26;20.95833333;0;1020.629167;72.66666667;22553
2;8;2018;13.74;21.47916667;0;1022.475;60.66666667;33080
3;8;2018;9.44;21.95833333;0;1020.35;72.58333333;32839
4;8;2018;10.21;21.15416667;0;1015.05;78.04166667;28702
5;8;2018;10.81;18.9;0;1013.591667;68.91666667;31067
6;8;2018;5.12;18.125;0.3;1014.004167;75.375;17026
7;8;2018;10.5;20.94166667;0;1012.55;79.5;31432
8;8;2018;5.42;22.00833333;0.5;1008.0125;78.125;19993
9;8;2018;11.56;20.04166667;0.6;1013.545833;68.29166667;33347
10;8;2018;2.68;19.45416667;1.2;1008.7125;73;21564
11;8;2018;4.18;17.5;6.9;1012.25;76.08333333;18320
12;8;2018;12.47;16.8875;0;1010.566667;63.58333333;31056
13;8;2018;10.89;16.675;8.9;1009.354167;67.91666667;27371
14;8;2018;0;13.60416667;1.3;1007.345833;90.33333333;13942
15;8;2018;5.62;18.73333333;0;463.5458333;31;25017
16;8;2018;0.29;19.8375;0;1012.441667;85.125;16240
17;8;2018;4.08;18.33333333;0.3;1014.045833;76.29166667;18689
18;8;2018;2;17.80833333;0.1;1014.366667;80.95833333;8537
19;8;2018;1.85;17.37083333;32;1013.725;84.83333333;9515
20;8;2018;6.89;17.57083333;0;1011.025;75.41666667;22594
21;8;2018;13.63;17.2;0;1018.7375;65.125;30381
22;8;2018;0.24;18.925;0;1014.654167;78.58333333;12250
23;8;2018;1.69;19.04583333;12.4;1007.55;88.875;20674
24;8;2018;1.74;16.25;0.7;1001.820833;74.25;12158
25;8;2018;8.73;15.11666667;1.9;1003.545833;67.20833333;20874
26;8;2018;7.54;15.62916667;0;1007.633333;63.16666667;24756
27;8;2018;0.34;15.52083333;7;1005.608333;81.25;4943
28;8;2018;5.27;16.62916667;0;1013.854167;81.54166667;13021
29;8;2018;1.48;17.4875;0;1016.708333;82.54166667;12153
30;8;2018;0;16.54166667;2.4;1015.304167;85.95833333;5717
31;8;2018;0;15.4375;0.4;1019.329167;85.375;12291
1;9;2018;3.42;15.97916667;0;1024.858333;80.08333333;17069
2;9;2018;12.61;16.97916667;0;1028.8;70.875;25912
3;9;2018;12.2;17.64583333;0;1024.608333;80.33333333;25987
4;9;2018;2.87;17.5875;0;1020.366667;83.66666667;22379
5;9;2018;4.4;18.525;0;1020.558333;83.375;21375
6;9;2018;4.21;18.27916667;0;1016.541667;81.58333333;16462
7;9;2018;1.25;17.7125;13.8;1010.983333;80.20833333;13206
8;9;2018;4.26;16.09166667;2;1011.9;73.75;13010
9;9;2018;0.06;17.14583333;1.7;1016.2;83.25;6894
10;9;2018;3.77;17.1125;4;1014.745833;78.08333333;18203
11;9;2018;0;15.625;8.5;1009.158333;81.20833333;3244
12;9;2018;2.98;15.025;1.5;1011.3375;70.16666667;12805
13;9;2018;2.33;14.77083333;0;1015.970833;72.875;18307
14;9;2018;0.53;14.92083333;5.6;1012.920833;82.79166667;8188
15;9;2018;7.19;14.3375;0;1014.108333;70.375;20712
16;9;2018;2.27;14.67083333;6;1016.270833;78.54166667;10452
17;9;2018;4.87;15.74166667;0;1013.45;79.70833333;17901
18;9;2018;11.03;17.16666667;0;1008.816667;85.91666667;20431
19;9;2018;1.08;17.00833333;0.8;1008.804167;88.91666667;13961
20;9;2018;0.97;15.42916667;2.4;1008.45;76.70833333;5099
21;9;2018;0.65;15.625;1.1;994.3625;81.04166667;5942
22;9;2018;3.73;12.575;2.4;1000.804167;69.125;15969
23;9;2018;6.49;12.775;0;1004.329167;61.04166667;15319
24;9;2018;10.6;11.4875;0;1018.575;48.16666667;17195
25;9;2018;8.66;11.65833333;0.2;1029.816667;60.95833333;18580
26;9;2018;0.01;13.82916667;0.9;1015.379167;82;2900
27;9;2018;0.06;14.2375;0.2;1012.379167;77.29166667;6539
28;9;2018;10.14;12.08333333;1.5;1018.175;50.29166667;18175
29;9;2018;0.37;11.97916667;0;1019.116667;66.70833333;8262
30;9;2018;1.05;12.29166667;0;1008.883333;72.33333333;8586
1;10;2018;3.57;11.2;1.2;1007.495833;69.95833333;13401
2;10;2018;0.54;10.44166667;7.1;998.125;73.91666667;5131
3;10;2018;7.17;10.21666667;0;1009.6125;65.125;14846
4;10;2018;0.24;11.89583333;1.1;1016.379167;77.54166667;5702
5;10;2018;1.07;12.64166667;8.2;1012.870833;86.08333333;2650
6;10;2018;0;11.125;2.4;1009.795833;69.125;7868
7;10;2018;9.12;10.30416667;2;1015.470833;70.66666667;14721
8;10;2018;0;12.22083333;9.4;1013.416667;86.08333333;1211
9;10;2018;0;13.5375;0;1014.041667;87.58333333;2649
10;10;2018;2.78;12.325;0;1022.1;92.625;5044
11;10;2018;9.86;14.29166667;0;1019.979167;77.20833333;12149
12;10;2018;8.96;13.81666667;0;1018.341667;85.41666667;11837
13;10;2018;4.54;14.40416667;0;1018.1375;88.375;9540
14;10;2018;9.61;14.54583333;0;1012.2375;81.04166667;11322
15;10;2018;9.01;13.39583333;0;1012.5625;89.33333333;10872
16;10;2018;0.54;12.2125;0;1016.9375;90.66666667;5721
17;10;2018;0.42;13.18333333;0;1017.379167;95.08333333;7134
18;10;2018;9.02;12.0875;0;1021.295833;70.875;10195
19;10;2018;6.61;10.825;0.3;1023.208333;71.95833333;9298
20;10;2018;5.91;11.32916667;0;1023.183333;78.5;7906
21;10;2018;0;12.35416667;0.3;1019.975;90.58333333;914
22;10;2018;7.2;10.825;2.6;1018.233333;67.875;8676
23;10;2018;6.1;11.45;0.7;998.8083333;69.25;7846
24;10;2018;7.53;9.3;0.2;1009.125;54.54166667;8767
25;10;2018;8.99;11.00833333;1.2;1001.191667;71.5;8139
26;10;2018;0;6.45;18.3;998.2708333;84.58333333;1927
27;10;2018;0.43;3.891666667;0.1;1006.325;78.375;5328
28;10;2018;4.04;3.129166667;0;1024.3875;78.5;7722
29;10;2018;0.65;3.433333333;1.3;1020.8125;79.54166667;4345
30;10;2018;0;8.258333333;2.3;998.8208333;90.875;930
31;10;2018;0.82;9.195833333;0;1006.541667;78.75;3861
1;11;2018;3.19;9.595833333;0;1015.975;81.41666667;6475
2;11;2018;0;10.04166667;0.1;1012.104167;90.125;538
3;11;2018;5.87;9.325;0;1023.741667;79.41666667;5349
4;11;2018;4.11;8.616666667;0;1021.904167;79.79166667;4837
5;11;2018;0;9.266666667;0.5;1016.829167;88.83333333;1032
6;11;2018;3.64;10.0625;0;1011.291667;92.125;4785
7;11;2018;2.68;9.4375;0;1012.420833;92.20833333;4867
8;11;2018;0;8.483333333;0.3;1018.458333;96.04166667;877
9;11;2018;0;8.675;0.7;1018.170833;95.20833333;1112
10;11;2018;0;9.204166667;8.5;1008.691667;91.08333333;904
11;11;2018;0;9.941666667;9.3;1006.316667;94.125;220
12;11;2018;0;9.883333333;1.5;1012.1625;94.95833333;1808
13;11;2018;0;9.483333333;1.9;1013.75;93.33333333;1082
14;11;2018;0.4;9.5375;2;1022.420833;93.70833333;3552
15;11;2018;0.35;9.725;0;1027.695833;94.54166667;2286
16;11;2018;6.73;8.925;0;1034.625;85.16666667;2827
17;11;2018;0;7.466666667;0;1040.25;76.33333333;837
18;11;2018;5.08;6.583333333;0;1038.245833;79.75;2760
19;11;2018;4.43;4.275;0;1035.908333;75.125;2910
20;11;2018;6.75;3.375;0;1030.529167;79.70833333;2320
21;11;2018;1.66;3.670833333;0;1031.583333;82.25;1869
22;11;2018;0;2.716666667;0;1028.945833;83.79166667;591
23;11;2018;0;1.370833333;0.1;1023.7875;90.875;221
24;11;2018;0;1.225;0;1017.9375;85.41666667;596
25;11;2018;6.76;1.208333333;0;1019.779167;84.875;1486
26;11;2018;0.54;0.275;0;1019.554167;77.33333333;1478
27;11;2018;6.83;-0.625;0;1025.1625;84.625;1360
28;11;2018;3.95;1.3875;1.4;1025.579167;77.20833333;1318
29;11;2018;0;3.941666667;14.8;1010.466667;93;97
30;11;2018;0;5.854166667;0;1005.65;89.5;107
1;12;2018;0;6.7375;0.6;1005.795833;92.625;639
2;12;2018;0;6.133333333;4;996.2625;96.29166667;116
3;12;2018;0;7.25;3.2;988.3791667;95.91666667;665
4;12;2018;1.35;6.270833333;0;1002.216667;64.70833333;2057
5;12;2018;4.99;5.3125;0;1019.2125;70.33333333;1939
6;12;2018;0;4.9625;7.1;1009.875;90.75;453
7;12;2018;0;6.8125;12.2;994.0083333;96.20833333;950
8;12;2018;0;6.970833333;4.4;980.475;90.875;341
9;12;2018;0;5.820833333;0;983.6;78.95833333;511
10;12;2018;0.13;5.825;0;999.9166667;65.625;1025
11;12;2018;0.49;3.979166667;0;1018.875;79.66666667;1296
12;12;2018;0;2.104166667;0;1030.6625;83.5;1066
13;12;2018;0;1.208333333;0;1031.608333;77.91666667;477
14;12;2018;0;1.895833333;0;1032.320833;80.79166667;522
15;12;2018;0.31;1.854166667;0;1030.975;77.375;843
16;12;2018;0;2.175;1;1019.129167;85.875;447
17;12;2018;0;1.816666667;0;1019.6625;83.75;0
18;12;2018;0.12;1.979166667;0.2;1023.2125;84.45833333;0
19;12;2018;0;3.825;1.3;1015.720833;88.75;544
20;12;2018;0;3.041666667;0.2;1013.6625;91.33333333;128
21;12;2018;0;2.141666667;0.7;1006.691667;88.875;240
22;12;2018;0;0.154166667;0;1009.258333;77.75;276
23;12;2018;0;-0.529166667;0;1014.95;76.95833333;77
24;12;2018;0;0.675;0;1021.025;82.83333333;807
25;12;2018;2.08;5.45;0;1017.5375;86.375;1802
26;12;2018;3.62;5.1125;0.5;1018.695833;92.79166667;1712
27;12;2018;1.26;5.7875;0;1014.304167;94.16666667;1001
28;12;2018;5.44;4.729166667;2.3;1018.679167;93.54166667;1685
29;12;2018;0;5.133333333;4.7;1015.820833;97.375;263
30;12;2018;5.35;3.454166667;0;1021.258333;89.875;1372
31;12;2018;0;4.4375;0.2;1020.183333;93.54166667;158
1;1;2019;3.66;6.445833333;0;1003.0375;66.70833333;1435
2;1;2019;6.09;4.233333333;0;1027.620833;51.91666667;1276
3;1;2019;2.6;4.666666667;0;1032.329167;68.95833333;1647
4;1;2019;4.25;6.275;0;1021.045833;86.41666667;1520
5;1;2019;5.43;4.895833333;0;1022.341667;87.95833333;1454
6;1;2019;1.45;3.979166667;0.3;1025.745833;92.41666667;1102
7;1;2019;0;4.391666667;7.8;1014.433333;95.29166667;564
8;1;2019;0;3.679166667;0;997.4;88.58333333;938
9;1;2019;6.15;1.5625;0;1017.833333;71.16666667;1436
10;1;2019;0;2.058333333;1;1019.8;87.54166667;1013
11;1;2019;1.56;5.020833333;0;1009.304167;86.875;2339
12;1;2019;0.51;3.579166667;1.1;1000.6;89.70833333;1149
13;1;2019;0;4.15;1.5;984.8083333;87.5;949
14;1;2019;5.06;3.220833333;0;994.7708333;51.5;2755
15;1;2019;0;4.120833333;4.3;998.2541667;73.66666667;23
16;1;2019;0;5.608333333;1.4;990.9875;92.5;127
17;1;2019;1.67;0.05;0;993.3666667;72.41666667;2685
18;1;2019;6.1;2.204166667;0;1010.1125;57.54166667;2263
19;1;2019;0.8;3.15;0;1014.129167;80.25;2300
20;1;2019;0.72;2.1875;1.2;1016.645833;89.375;2899
21;1;2019;0;2.579166667;3.2;1012.729167;90.29166667;790
22;1;2019;0.05;1.904166667;0.2;1008.483333;89.20833333;1532
23;1;2019;1.07;7.40149E-17;0;1007.3875;83.79166667;3333
24;1;2019;0;-0.554166667;0;1013.991667;79.66666667;1836
25;1;2019;1.03;-1.070833333;0.6;1011.133333;75.20833333;2097
26;1;2019;0;-2.091666667;3.2;1000.8625;84.45833333;1222
27;1;2019;0;-0.475;5.1;989.0958333;95.91666667;444
28;1;2019;0;0.7375;4;988.5666667;95.29166667;18
29;1;2019;7.41;-0.4;0.1;997.6583333;83.125;467
30;1;2019;2.28;0.504166667;0;1002.375;90.33333333;302
31;1;2019;0;0.6125;0;1002.9875;86.91666667;249
1;2;2019;0;0.845833333;0;1002.420833;87.70833333;112
2;2;2019;0;1.154166667;0;1003.55;87.375;112
3;2;2019;3.54;0.0375;0;1012.354167;85.375;951
4;2;2019;0.05;1.5875;12;1014.458333;94.54166667;415
5;2;2019;0;2.3375;2.3;1012.425;89.66666667;3196
6;2;2019;0;1.320833333;5.9;1016.079167;94.41666667;128
7;2;2019;0;2.958333333;4.7;1002.433333;95.375;745
8;2;2019;0.16;3.85;13.9;997.1666667;94.125;3902
9;2;2019;0.53;4.058333333;1.9;987.0083333;95.25;3915
10;2;2019;0;3.520833333;0;989.1166667;92.66666667;2270
11;2;2019;7.17;2.716666667;0;1003;77.95833333;5720
12;2;2019;4.57;2.9;1.5;1021.095833;74.5;7337
13;2;2019;7.23;4.754166667;0.2;1021.15;90.08333333;7978
14;2;2019;0;4.3125;0;1027.775;97.08333333;1671
15;2;2019;2.53;3;0;1026.891667;96.04166667;3889
16;2;2019;6.67;4.375;0;1016.541667;89.625;7055
17;2;2019;0;3.629166667;0;1019.2625;97.66666667;2268
18;2;2019;3.26;4.05;1.2;1012.6875;96.20833333;8171
19;2;2019;1.24;4.558333333;2.9;1002.620833;90.91666667;3667
20;2;2019;7.6;4.05;17.7;1012.608333;91.625;9503
21;2;2019;0;3.829166667;1.5;1018;96.04166667;1260
22;2;2019;5.28;1.4;0;1040.258333;78.08333333;10369
23;2;2019;1.19;3.183333333;0;1039.120833;87.5;10040
24;2;2019;0;3.879166667;0;1034.508333;94.375;3039
25;2;2019;5.26;4.25;0;1032.466667;93.75;11597
26;2;2019;7.51;4.454166667;0;1030.325;95.04166667;11607
27;2;2019;7.63;4.825;0;1017.391667;91.16666667;12026
28;2;2019;10.16;4.054166667;0;1008.408333;82.04166667;12365
1;3;2019;6.46;2.85;0;1012.1625;78.33333333;12572
2;3;2019;0.25;2.9875;3.3;1007.591667;88.33333333;3059
3;3;2019;1.21;4.945833333;3.8;992.825;90.875;10760
4;3;2019;0.47;4.5;14.8;979.0791667;96.75;2902
5;3;2019;0;2.1;3.5;992.4916667;91.79166667;5765
6;3;2019;0;3.941666667;17.8;1001.175;94.5;3685
7;3;2019;0;4.958333333;5.8;985.2666667;95.95833333;1049
8;3;2019;1.2;4.3875;2.6;989.4666667;82.79166667;7018
9;3;2019;0;4.133333333;7.8;989.6666667;90.875;3734
10;3;2019;4.11;2.120833333;0;995.8541667;71.5;15940
11;3;2019;10.79;1.716666667;0;1006.941667;59.79166667;17052
12;3;2019;0;3.220833333;19.8;1004.6625;90.5;6452
13;3;2019;0;4.079166667;3.9;986.4416667;94;4933
14;3;2019;0.41;4.1875;3.3;988.15;94.04166667;8568
15;3;2019;0;3.983333333;2.3;988.0041667;94.54166667;5888
16;3;2019;1.3;4.854166667;13.2;993.4166667;89.08333333;11381
17;3;2019;1.5;5.283333333;2.1;982.0083333;87.70833333;14068
18;3;2019;0.63;4.35;0;997.7125;72.125;11343
19;3;2019;11.51;4.275;1.1;1021.170833;64.54166667;20177
20;3;2019;3.06;5.908333333;0.2;1022.645833;87.41666667;12506
21;3;2019;0;6.466666667;0;1023.85;95.125;3363
22;3;2019;3.81;4.854166667;0;1028.070833;94.95833333;13599
23;3;2019;9.03;6.158333333;0;1021.466667;82.54166667;18065
24;3;2019;3.94;5.354166667;1.2;1018.166667;83.79166667;16154
25;3;2019;6.1;5.116666667;0;1013.054167;80.625;16441
26;3;2019;10.08;5.358333333;0.3;1019.154167;65.125;21942
27;3;2019;6.53;6.504166667;0;1021.866667;89.875;14472
28;3;2019;8.22;7.420833333;0;1027.245833;88.875;20047
29;3;2019;7.89;6.829166667;0;1022.8875;84.45833333;22540
30;3;2019;0.71;6.416666667;0;1015.041667;88.41666667;9055
31;3;2019;12.44;5.3;0;1020.154167;53.875;25216
1;4;2019;12.45;4.591666667;0;1027.0875;62;25604
2;4;2019;12;5.954166667;0;1014.775;62.125;25942
3;4;2019;1.04;7.6375;0;1007.141667;60.75;13418
4;4;2019;9.67;9.454166667;0;1005.495833;55.83333333;24067
5;4;2019;4.26;10.07083333;0;1010.525;55.45833333;22602
6;4;2019;2.23;8.745833333;0.3;1012.708333;66.04166667;11311
7;4;2019;12.43;8.370833333;0;1012.216667;67.91666667;24540
8;4;2019;12.36;6.2;0;1017.7;55.08333333;24035
9;4;2019;13.35;3.279166667;0;1020.595833;44.5;28560
10;4;2019;1.9;2.0875;0;1024.508333;59.41666667;12805
11;4;2019;11.59;3.445833333;0;1029.658333;51;31311
12;4;2019;13.14;3.754166667;0;1031.466667;50.29166667;29519
13;4;2019;13.56;4.8;0;1032.55;49.25;29993
14;4;2019;13.62;5.708333333;0;1034.725;50.08333333;30190
15;4;2019;13.27;6.125;0;1034.504167;52.25;30363
16;4;2019;7.39;6.025;0;1030.9375;59.04166667;19933
17;4;2019;12.58;6.9625;0;1033.391667;60.66666667;30590
18;4;2019;13.94;8.666666667;0;1036.041667;62.70833333;30722
19;4;2019;14.03;9.129166667;0;1036.758333;70.04166667;31467
20;4;2019;13.52;9.441666667;0;1032.6;58.66666667;31527
21;4;2019;13.92;10.3875;0;1023.875;77.25;32244
22;4;2019;14.06;10.40833333;0;1021.808333;63.75;32164
23;4;2019;14.03;12.4875;0;1019.766667;48.75;32954
24;4;2019;3.68;12.4;0;1012.195833;51.41666667;20600
25;4;2019;7.29;11.83333333;0;1011.558333;74.41666667;23286
26;4;2019;11.87;12.8;0;1010.908333;76.91666667;30460
27;4;2019;0.01;10.30416667;24.8;1009.2625;92.79166667;3876
28;4;2019;1.79;10.00416667;3;1016.170833;92.33333333;4569
29;4;2019;14.24;10.89166667;0.4;1023.670833;68.58333333;34364
30;4;2019;6.66;12.0875;0;1017.208333;82;26228
1;5;2019;1.43;10.36666667;0;1005.179167;90.41666667;14821
2;5;2019;6.96;8.870833333;0;995.4;62.875;31197
3;5;2019;9.88;5.833333333;4.5;999.6041667;59.79166667;25964
4;5;2019;7.26;5.679166667;0;1004.670833;65.5;30783
5;5;2019;9.81;8.154166667;0.8;1010.004167;70.375;34937
6;5;2019;7.5;6.525;0.3;1006.670833;70.83333333;25008
7;5;2019;11.69;7.320833333;0;1009.045833;62.70833333;37401
8;5;2019;7.46;7.766666667;3.6;1007.979167;71.45833333;19044
9;5;2019;0.09;8.825;3.2;999.5958333;88.33333333;10031
10;5;2019;3.22;9.354166667;0.3;1003.516667;89.16666667;21188
11;5;2019;14.99;9.583333333;0;1012.316667;70.66666667;37856
12;5;2019;10.11;8.620833333;0;1025.795833;69.29166667;36226
13;5;2019;11.91;9.633333333;0;1035.145833;65.25;32104
14;5;2019;14.06;10.03333333;0;1035.054167;74.58333333;33996
15;5;2019;11.23;10.64166667;0;1030.379167;73.83333333;35941
16;5;2019;15.39;13.93333333;0;1025.616667;50.375;36601
17;5;2019;2.46;12.04583333;8.7;1018.016667;64.25;11602
18;5;2019;3.03;12.1;0;1013.091667;90.95833333;20805
19;5;2019;10.27;13.4375;11;1011.075;86.5;38453
20;5;2019;3.7;13.90416667;0;1008.05;93.29166667;15097
21;5;2019;4.8;15.35;13.2;1006.995833;86.54166667;22219
22;5;2019;0.02;12.54583333;0;1010.7875;91.08333333;12825
23;5;2019;14.47;12.44583333;0;1013.375;79.04166667;39598
24;5;2019;2.15;11.7375;10.9;1006.495833;83.375;17250
25;5;2019;7.33;12.05833333;1.4;1007.958333;83.16666667;22243
26;5;2019;11.39;11.45416667;1.4;1002.129167;71.95833333;35513
27;5;2019;0;10.70833333;2.9;999.6333333;87.83333333;12871
28;5;2019;7.24;10.55416667;0;1003.929167;67.83333333;35230
29;5;2019;14.62;10.62916667;0;1016.7;57.91666667;41503
30;5;2019;0;11.92083333;3.8;1013.820833;84.58333333;7259
31;5;2019;16.5;12.45416667;0.9;1017.908333;64.75;41211
1;6;2019;1.2;13.16666667;0;1014.204167;87.25;18538
2;6;2019;3.68;13.12083333;0;1015.195833;81.79166667;30640
3;6;2019;4.66;14.52916667;12.7;1009.954167;86.04166667;20648
4;6;2019;12.11;13.48333333;0;1013.966667;80.70833333;37565
5;6;2019;10.47;16.2;0;1010.320833;83.04166667;35550
6;6;2019;12.55;18.32083333;1.9;1009.383333;76.91666667;34912
7;6;2019;7.83;14.875;0.4;1013.204167;78.16666667;28026
8;6;2019;2.84;15.24583333;7.6;1012.375;82.33333333;23287
9;6;2019;3.5;14.6375;0;1017.508333;80.20833333;26988
10;6;2019;12.44;15.0625;0;1020.420833;70.04166667;34768
11;6;2019;0.6;16.7125;3.5;1015.925;72.33333333;18699
12;6;2019;0;15.72916667;3.4;1013.591667;81.08333333;12354
13;6;2019;8.96;16.03333333;0;1011.7875;84.29166667;33774
14;6;2019;8.85;16.95416667;0;1017.954167;83.25;36161
15;6;2019;4.13;18.27916667;0;1015.245833;72.66666667;24299
16;6;2019;4.64;16.725;0;1015.704167;79.66666667;19796
17;6;2019;13.51;16.72083333;0;1019.345833;79.66666667;41789
18;6;2019;5.04;18.00833333;0;1015.220833;87.375;30345
19;6;2019;8.59;19.04583333;0;1009.308333;79.95833333;36660
20;6;2019;1.63;17.50833333;0.9;1006.683333;88.875;21731
21;6;2019;6.55;15.04583333;1.1;1014.104167;69.41666667;31354
22;6;2019;12.76;15.3;0;1022.291667;66.41666667;39091
23;6;2019;15.51;16.30833333;0;1025.775;64;40415
24;6;2019;12.85;17.64166667;0;1027.491667;61.79166667;37926
25;6;2019;6.87;19.11666667;0;1023.1875;67.29166667;32978
26;6;2019;9.43;18.52916667;0;1017.658333;81.75;32219
27;6;2019;13.39;17.97916667;0;1019.683333;73.08333333;38337
28;6;2019;16.44;17.975;0;1021.9;77.45833333;40840
29;6;2019;11.74;18.34166667;0;1015.85;76.41666667;37296
30;6;2019;13.33;18.90416667;0;1006.0875;78.41666667;35629
1;7;2019;5.48;16.96666667;4;1004.679167;75.79166667;30451
2;7;2019;6.77;14.7;0;1009.541667;65.70833333;33980
3;7;2019;9.1;14.07083333;0;1014.995833;60.54166667;36788
4;7;2019;1.19;13.50416667;0.3;1009.7125;77.08333333;15758
5;7;2019;16.16;14.3625;0;1008.6625;55.95833333;42426
6;7;2019;1.76;13.27083333;12.5;1000.758333;79.75;14785
7;7;2019;7.97;14.89166667;0.6;1004.766667;80.66666667;29487
8;7;2019;12.77;16.39583333;0;1010.079167;77.875;38215
9;7;2019;9.55;16.22916667;0;1013.525;77.29166667;32795
10;7;2019;12.6;16.73333333;0;972.0375;77.95833333;37565
11;7;2019;14.57;15.96666667;0;1012.2625;75.20833333;39846
12;7;2019;15.3;18.17916667;0;1010.8;76.875;39205
13;7;2019;14.76;18.65416667;0;1012.2375;81.04166667;38805
14;7;2019;6.69;16.48333333;0;1014.2875;81.54166667;19582
15;7;2019;2.27;15.3875;3.6;1011.4;78.625;13937
16;7;2019;8.12;16.77083333;1.2;1011.5125;71.08333333;35212
17;7;2019;16.04;17.85;0;1013.420833;74.125;38009
18;7;2019;14.93;18.24583333;0;1012.0375;76.125;38180
19;7;2019;1.29;18.54583333;0;1011.583333;79.25;26646
20;7;2019;9.83;18.7875;2.3;1012.425;72.54166667;31216
21;7;2019;2.31;18.0625;0.6;1011.770833;85.83333333;27532
22;7;2019;1.43;16.67083333;2.8;1016.9125;84.58333333;18468
23;7;2019;6.63;18.82083333;0;1017.8;89.29166667;25153
24;7;2019;13.34;20.2375;0;1019.170833;81.79166667;36733
25;7;2019;14.7;21.05833333;0;1019.875;80.91666667;35718
26;7;2019;14.26;22.225;0.2;1018.204167;70.41666667;32477
27;7;2019;13.58;23.79583333;0;1015.258333;59.625;31949
28;7;2019;5.09;22.5625;0.7;1009.85;73.58333333;22838
29;7;2019;9.1;22.625;0.1;1010.35;74.20833333;23280
30;7;2019;0.23;18.75416667;4.6;1012.625;81.875;12112
31;7;2019;0;15.27083333;6.7;1017.633333;75.91666667;6207
1;8;2019;8.76;18.125;0;1017.533333;71.79166667;27646
2;8;2019;14.92;19.05833333;0;1015.35;70.875;35019
3;8;2019;14.2;19.2625;0;1014.3375;78.45833333;34481
4;8;2019;2.08;18.67916667;0.3;1012.9625;76.20833333;30255
5;8;2019;7.16;17.90416667;5.7;1009.495833;71.33333333;27416
6;8;2019;6.24;18.99166667;15.8;1004.258333;76.58333333;24014
7;8;2019;4.03;18.02083333;29.9;1002.7375;78;20998
8;8;2019;8.82;17.79166667;12.9;1003.125;75.25;25558
9;8;2019;11.26;18.5375;15.8;1008.75;76.91666667;32561
10;8;2019;0.01;18.70416667;9.6;1003.3875;86.95833333;10386
11;8;2019;0.28;19.0375;0.3;1004.8875;79.54166667;15501
12;8;2019;3.13;18.69166667;0;1006.8625;77.04166667;32184
13;8;2019;5.48;16.67083333;0.1;1007.879167;67.375;24493
14;8;2019;9.19;15.95416667;1.4;1010.279167;65;24480
15;8;2019;2.29;16.2875;9;1008.366667;76.58333333;16019
16;8;2019;0.94;17.27916667;0;1009.1125;76.08333333;19097
17;8;2019;0;17.48333333;9.9;1003.933333;86;3229
18;8;2019;2.5;16.92916667;2.4;1003.0375;85.70833333;15371
19;8;2019;5.39;17.00416667;0;1007.829167;82.125;25151
20;8;2019;7.59;17;0;1016.508333;78.79166667;26018
21;8;2019;5.95;16.2125;0;1022.9375;69.54166667;19917
22;8;2019;0.13;17.2375;1.2;1022.675;79.20833333;15799
23;8;2019;2.89;17.99583333;0;1021.3125;85.83333333;13508
24;8;2019;5.77;17.3875;0;1025.820833;88.125;24267
25;8;2019;12.76;18.80833333;0;1024.55;82.58333333;28139
26;8;2019;11.84;20.58333333;0;1023.054167;67;27789
27;8;2019;8.38;20.45833333;7.8;1020.9875;73.75;19954
28;8;2019;1.21;20.00833333;12.8;1014.116667;88.75;11491
29;8;2019;1.2;18.72916667;2.6;1013.845833;86.29166667;10773
30;8;2019;6.06;18.05;0;1019.1625;77.41666667;21061
31;8;2019;11.41;19.7125;3.6;1014.5875;82;27324
1;9;2019;0.43;17.79583333;0;1007.745833;76.20833333;10341
2;9;2019;7;15.79583333;1.1;1013.541667;63.5;21682
3;9;2019;2.64;16.18333333;2.1;1012.0125;74.79166667;16851
4;9;2019;0;16.06666667;9.2;1008.341667;84.25;6460
5;9;2019;4.17;15.20416667;0;1004.941667;69.95833333;21764
6;9;2019;2.69;14.425;10.1;1012.55;74.41666667;12510
7;9;2019;6.59;15.1625;1.2;1013.725;77.875;18541
8;9;2019;7.02;15.35;0.4;1019.775;83.83333333;18772
9;9;2019;0.81;15.4375;2.3;1015.166667;84.125;9220
10;9;2019;3.22;16.57916667;7.5;1008.85;91.66666667;10994
11;9;2019;2.23;15.74583333;6.9;1010.308333;84.95833333;12431
12;9;2019;4.14;15.81666667;1.1;1016.704167;79.08333333;16621
13;9;2019;9.2;14.9625;0;1021.608333;67.79166667;23097
14;9;2019;5.84;15.06666667;5.7;1024.183333;67.41666667;19153
15;9;2019;2.57;14.50833333;0;1006.5875;72.375;11159
16;9;2019;8.88;13.625;0;1008.716667;66;19457
17;9;2019;6.01;12.32083333;0;1005.204167;56.41666667;16681
18;9;2019;11.99;13.175;0;1016.629167;54.45833333;21849
19;9;2019;7.05;11.61666667;0;1024.720833;56.25;16838
20;9;2019;2.83;13.94166667;0;1020.479167;79;9570
21;9;2019;11.52;14.4125;0;1018.291667;89.375;17816
22;9;2019;9.37;13.87083333;0;1015.720833;84.79166667;18796
23;9;2019;10.36;13.05;0;1018.758333;71.66666667;17779
24;9;2019;0;12.2875;0;1013.783333;81.125;4282
25;9;2019;0.91;13.54166667;0;1010.170833;75.95833333;10853
26;9;2019;1.88;13.35833333;2;1011.1125;75.25;7558
27;9;2019;0.19;14.22916667;24.3;1004.504167;93.08333333;4427
28;9;2019;0.92;14.19166667;11.1;1001.6;90.25;13646
29;9;2019;0.74;13.6625;0;993.5666667;87.45833333;11197
30;9;2019;3.34;12.575;0;991.375;78.58333333;12779
1;10;2019;6.6;11.25;0;994.5666667;60.75;13767
2;10;2019;4.11;10.07916667;0;999.8458333;68.75;13136
3;10;2019;4.66;8.541666667;0;1013.645833;71.25;11413
4;10;2019;0;7.0375;0;1014.5125;77.25;11880
5;10;2019;10.38;6.104166667;0;1022.375;69.79166667;16079
6;10;2019;9.21;5.233333333;0;1024.420833;65.04166667;15181
7;10;2019;7.96;6.2625;1.2;1018.925;64.04166667;15140
8;10;2019;0.08;9.254166667;4.3;999.4166667;85.54166667;2971
9;10;2019;1.4;11.68333333;1.1;997.2083333;87.45833333;10309
10;10;2019;2.72;11.39166667;7.2;999.3416667;85.625;10505
11;10;2019;0.01;11.54166667;0.5;955.2375;87.45833333;4035
12;10;2019;2.22;12.06666667;0;998.6458333;83.75;10073
13;10;2019;2.46;11.70833333;15;1006.558333;88.29166667;7878
14;10;2019;0.56;11.24583333;0.4;1007.4875;82.83333333;5089
15;10;2019;0.86;11.54166667;0.3;1009.3125;89.625;7090
16;10;2019;0;11.84583333;1.8;1005.325;98;1760
17;10;2019;0.22;11.85;4.5;1007.070833;95.25;2513
18;10;2019;0;11.64166667;9.3;1003.9375;91.75;3167
19;10;2019;0.68;12.13333333;7.3;1002.0375;87.08333333;6759
20;10;2019;0.49;11.95833333;0;1009.333333;90.91666667;5927
21;10;2019;0;8.670833333;0;1019.2;87.66666667;3065
22;10;2019;0.43;10.85;0;1016.108333;84.875;4491
23;10;2019;1.54;11.84166667;0.2;1015.754167;82.58333333;5091
24;10;2019;1.74;11.975;0.8;1007.441667;93.29166667;6288
25;10;2019;1.44;11.7625;13.9;1006.708333;81.66666667;6021
26;10;2019;0;10.15833333;10.6;1001.458333;89.33333333;1178
27;10;2019;2.84;9.120833333;20.6;1004.029167;80.58333333;6517
28;10;2019;7.38;6.4125;0;1016.416667;81.33333333;8049
29;10;2019;8.79;6.166666667;0;983.9375;60.45833333;7713
30;10;2019;1.44;7.845833333;0;1027.054167;64.54166667;5071
31;10;2019;7.77;8.741666667;0;1022.108333;72.70833333;6762
1;11;2019;0.04;7.870833333;0;1010.379167;69.375;4974
2;11;2019;0;6.475;4.1;991.625;85.16666667;1747
3;11;2019;0;7.745833333;12.3;990.4166667;93.29166667;1293
4;11;2019;0;5.4;0;996.1375;83.83333333;2047
5;11;2019;6.64;2.816666667;0;1000.7375;74.33333333;4420
6;11;2019;1.16;1.779166667;0;1002.491667;78.125;5897
7;11;2019;0;3.929166667;5.4;1005.179167;76.33333333;4056
8;11;2019;0;6.108333333;5.7;1006.666667;90;1625
9;11;2019;0;5.658333333;0;1008.079167;90.33333333;1664
10;11;2019;0;3.225;1.3;1012.0125;86.70833333;3163
11;11;2019;0.61;6.741666667;0;1005.116667;83.75;2813
12;11;2019;0;6.983333333;10.6;999.4333333;82.375;454
13;11;2019;1.21;6.3375;1.5;999.7666667;88.79166667;2690
14;11;2019;0.26;6.833333333;1.5;1007.795833;88.58333333;1919
15;11;2019;0;5.929166667;0.7;1017.216667;88.29166667;2104
16;11;2019;0;8.175;8.7;1005.316667;94.08333333;45
17;11;2019;0;7.758333333;0.5;1011.404167;93.41666667;385
18;11;2019;0;8.079166667;1.6;1008.745833;90.33333333;1077
19;11;2019;0.03;7.275;3.2;1007.95;89.95833333;1294
20;11;2019;0;7.85;0.9;1019.583333;92.25;907
21;11;2019;0;8.579166667;1.1;1016.5375;90.16666667;129
22;11;2019;0;8.020833333;1.4;1012.595833;91.45833333;682
23;11;2019;0;7.108333333;0;1015.879167;89.79166667;343
24;11;2019;0;5.804166667;0;1017.2875;86.75;540
25;11;2019;0;5.695833333;0;1014.716667;88.45833333;175
26;11;2019;0;6.2625;4;1005.654167;94.79166667;204
27;11;2019;0;7.275;6.3;995.55;96.70833333;414
28;11;2019;0;7.4875;14.2;983.4416667;96.79166667;254
29;11;2019;5.45;3.566666667;0;998.3333333;72.16666667;345
30;11;2019;6.24;3.654166667;0;1015.55;66.08333333;352
1;12;2019;0;4.720833333;0;1015.583333;71.66666667;548
2;12;2019;3.19;2.916666667;0;1016.158333;76.5;2349
3;12;2019;0;5.5875;3.6;1015.704167;84.83333333;325
4;12;2019;0;7.0625;0;1013.1125;89.95833333;346
5;12;2019;0;7.3;4.8;1005.0625;88.79166667;1779
6;12;2019;0;7.883333333;2.9;990.6375;94.79166667;1011
7;12;2019;5.05;7.179166667;4.7;993.175;77.66666667;2029
8;12;2019;0;7.4625;7.2;983.4166667;89.58333333;172
9;12;2019;0;6.15;0;986.6208333;81.20833333;1150
10;12;2019;4.67;4.391666667;13.4;1011.141667;66.58333333;2205
11;12;2019;0.6;6.591666667;0.7;1000.15;90.33333333;826
12;12;2019;0;6.133333333;2.9;995.0708333;86;701
13;12;2019;0.01;4.758333333;0.6;987.6125;83.70833333;842
14;12;2019;0;4.645833333;4.3;980.6666667;90.20833333;553
15;12;2019;0;5.85;9.4;984.9;87.58333333;124
16;12;2019;0;6.595833333;8.3;998.5458333;88.45833333;40
17;12;2019;0;6.45;11;1000.404167;93.875;195
18;12;2019;0.41;6.141666667;0;1005.366667;90.875;593
19;12;2019;0;6.354166667;0;1012.3375;89.625;841
20;12;2019;0;6.516666667;2.3;995.2583333;92.125;155
21;12;2019;0;6.775;0;987.8458333;94.91666667;1047
22;12;2019;1.09;5.954166667;0.1;990.2416667;90.45833333;437
23;12;2019;0;5.5875;6.2;997.6541667;92.125;128
24;12;2019;0;6.591666667;3.5;1003.170833;95;398
25;12;2019;0;5.154166667;0;1011.2625;91.45833333;276
26;12;2019;0;0.8625;0;1021.541667;93.75;994
27;12;2019;3.44;0.375;0;1034.125;85.75;1557
28;12;2019;0;1.020833333;0;1039.795833;79.45833333;492
29;12;2019;0;5.208333333;0;1026.6375;91.5;63
30;12;2019;0;7.070833333;0;1012.8125;93.25;418
31;12;2019;4.49;6.245833333;0;1020.483333;75.29166667;1936
1;1;2020;0;5.85;0;1023.675;81.25;699
2;1;2020;0;5.691666667;0.8;1015.129167;87.16666667;118
3;1;2020;3.63;6.2625;0.7;1003.433333;82.625;1199
4;1;2020;5.69;5.666666667;0;1010.770833;56;1644
5;1;2020;0;5.241666667;1.4;1023.2;81.70833333;767
6;1;2020;0;6.5125;0.6;1016.808333;95.16666667;227
7;1;2020;0;6.016666667;0.4;1012.966667;90.95833333;210
8;1;2020;0.14;6.85;0;1008.108333;84.70833333;1979
9;1;2020;0;5.095833333;8.3;1009.1625;91.04166667;499
10;1;2020;0;4.329166667;1.6;1011.375;91.41666667;555
11;1;2020;0;5.2625;2.7;1015.033333;91.41666667;217
12;1;2020;0;6.1875;0;1006.9125;95.25;1235
13;1;2020;0.43;5.375;3.3;1009.970833;90.66666667;2546
14;1;2020;0;6.3;7.2;995.9125;91.45833333;1676
15;1;2020;0;7.0125;0.8;997.95;90.83333333;290
16;1;2020;0.37;6.558333333;0;1016.070833;87.33333333;1209
17;1;2020;0.76;6.175;3.4;1011.975;92.125;2900
18;1;2020;0;6.0625;1.3;1008.125;91.375;718
19;1;2020;6.69;5.408333333;0;1028.5875;79.08333333;2361
20;1;2020;0.54;5.95;0;1034.479167;90.5;2054
21;1;2020;0;6.575;0;1026.2625;88;1699
22;1;2020;6.99;5.804166667;0;1027.054167;79.66666667;2712
23;1;2020;0;5.791666667;2.1;1022.645833;93.79166667;1580
24;1;2020;0;6.1625;0;1012.066667;89.91666667;992
25;1;2020;2;5.995833333;0.4;1012.5875;87.20833333;3289
26;1;2020;0;5.725;0;1010.7375;93;1324
27;1;2020;0;5.4375;3.8;1001.270833;94.625;106
28;1;2020;0;5.604166667;6.7;987.2333333;93.75;661
29;1;2020;0;5.183333333;7.2;988.9291667;87.58333333;1059
30;1;2020;0.07;4.295833333;18.9;993.45;90;1863
31;1;2020;0.04;5.370833333;2.6;991.4583333;89.875;1709
1;2;2020;0;6.595833333;0.7;986.5583333;95.75;944
2;2;2020;7.75;5.595833333;0;994.1083333;68.875;5118
3;2;2020;5.03;4.645833333;4.5;998.9875;75.79166667;4775
4;2;2020;0;3.275;0;1003.741667;84.875;1805
5;2;2020;4.99;4.783333333;0;1022.629167;75.625;5812
6;2;2020;7.67;5.925;0;1020.3375;88.25;6208
7;2;2020;0.1;4.108333333;0.7;1026.283333;96.625;1053
8;2;2020;0;4.825;2.9;1015.941667;89.79166667;2161
9;2;2020;0;6.045833333;13;987.7791667;92.20833333;117
10;2;2020;0.03;5.841666667;1.1;969.825;79.95833333;3421
11;2;2020;0.07;4.329166667;1.3;977.5875;83.75;2882
12;2;2020;4.32;5.116666667;0;987.3708333;77.58333333;6897
13;2;2020;7.38;4.391666667;0;1002.733333;77.83333333;8259
14;2;2020;2.76;3.666666667;0;1014.091667;88.5;5429
15;2;2020;0;5.566666667;14.8;1007.445833;94.83333333;1722
16;2;2020;0;6.820833333;4.9;986.3666667;91.33333333;813
17;2;2020;0;6.095833333;4.8;991.3041667;85.375;2524
18;2;2020;0.95;5.658333333;0.5;1000.395833;84.58333333;4582
19;2;2020;5.14;5.016666667;0;1003.470833;85.41666667;9583
20;2;2020;0.15;5.2875;9;1002.375;92.91666667;1540
21;2;2020;2.28;5.6875;1.5;1003.058333;83.125;9364
22;2;2020;1.36;5.825;4.2;992.6833333;85.04166667;4482
23;2;2020;0.43;5.708333333;0;994.95;72.95833333;6138
24;2;2020;5.78;4.754166667;8.3;1005.395833;73.58333333;8591
25;2;2020;0;3.029166667;8.2;984.1;93.70833333;1928
26;2;2020;2.29;1.433333333;0;992.325;69.79166667;8959
27;2;2020;9.47;0.516666667;2.9;998.2;65.75;12758
28;2;2020;3.71;2.475;2;1002.441667;85.625;743
29;2;2020;0;3.854166667;7.6;990.2291667;90.95833333;1790
1;3;2020;0.1;5.204166667;0.8;982.4041667;84.875;4416
2;3;2020;3.22;5.004166667;0;991.0625;89.375;13398
3;3;2020;0;3.2125;5.5;1000.2875;88.91666667;5332
4;3;2020;1.48;4.341666667;0.5;1002.895833;88.91666667;8566
5;3;2020;1.28;4.291666667;0;1001.8625;82.95833333;11755
6;3;2020;5.18;3.408333333;0;1003.416667;80.58333333;10441
7;3;2020;2.49;3.383333333;0;1010.7125;89.83333333;14995
8;3;2020;0;5.670833333;0.2;1003.379167;90.16666667;2017
9;3;2020;0.05;5.3375;7.7;1005.241667;96.33333333;4492
10;3;2020;0;5.295833333;6.1;993.4416667;94.5;2657
11;3;2020;9.15;6.308333333;3.2;994.0583333;80.95833333;18414
12;3;2020;0.18;5.120833333;8.4;987.0375;86.58333333;4066
13;3;2020;2.56;3.8125;4.8;1002.429167;69.58333333;7640
14;3;2020;10.62;2.658333333;0;1020.554167;56.54166667;19162
15;3;2020;0;5.4625;4.5;1007.579167;86.29166667;2232
16;3;2020;4.3;5.908333333;0;1012.791667;91.83333333;14105
17;3;2020;0;5.9375;1.5;1018.166667;89.20833333;8723
18;3;2020;3.24;6.254166667;0;1014.166667;85.58333333;7626
19;3;2020;9.51;5.779166667;0;1021.066667;80.75;20685
20;3;2020;11.6;4.445833333;0;1028.666667;59.79166667;20857
21;3;2020;11.87;3.775;0;1036.9375;52.875;21315
22;3;2020;11.11;2.629166667;0;1040.195833;59.625;22494
23;3;2020;6.7;3.820833333;0;1037.691667;63.29166667;21793
24;3;2020;9.37;4.708333333;0;1032.758333;65.04166667;23118
25;3;2020;10.42;5.316666667;0;1030.279167;70.04166667;24007
26;3;2020;11.85;5.070833333;0;1030.879167;81.54166667;23203
27;3;2020;12.02;4.7125;0;1028.579167;76.45833333;23668
28;3;2020;3.68;4.758333333;0;1023.133333;71.375;16627
29;3;2020;12.11;2.658333333;0;1030.795833;49.75;25094
30;3;2020;12.47;3.825;0;1027.175;47.25;25595
31;3;2020;7.66;4.929166667;0;1023.904167;71.625;21661
1;4;2020;7.66;6.183333333;0;1007.504167;83;20942
2;4;2020;2.02;5.570833333;0.4;993.5208333;73.54166667;8766
3;4;2020;10.18;5.05;0;1001.4875;62.29166667;25831
4;4;2020;5.2;5.4375;0;1019.925;76.45833333;25142
5;4;2020;10.89;6.908333333;0;1027.3875;83.75;26142
6;4;2020;12.67;7.904166667;0;1021.366667;70.25;27310
7;4;2020;9.83;7.9125;0;1026.875;80.83333333;28082
8;4;2020;9.76;7.441666667;0.1;1024.120833;84.25;25257
9;4;2020;13.13;7.154166667;0;1020.979167;73.75;28965
10;4;2020;12.95;6.425;0;1025.104167;73.83333333;28390
11;4;2020;1.76;6.033333333;15.7;1022.920833;84.58333333;13358
12;4;2020;1.03;7.645833333;0;1007.795833;83.91666667;13266
13;4;2020;8.75;5.45;0;1011.704167;43.54166667;29310
14;4;2020;10.73;5.770833333;0.2;1016.608333;59.04166667;31251
15;4;2020;6.43;7.8125;0;1010.329167;83.25;27219
16;4;2020;13.75;7.608333333;0;1012.095833;75.95833333;31864
17;4;2020;14.05;6.516666667;0;1020.391667;56.75;31737
18;4;2020;11.54;6.216666667;0;1023.1125;62.75;28845
19;4;2020;14.16;7.358333333;0;1026.8375;73.5;31731
20;4;2020;13.46;8.383333333;0;1029.733333;76.41666667;32825
21;4;2020;14.32;9.466666667;0;1031.8;68.58333333;31805
22;4;2020;14.42;9.7625;0;1030.45;80.79166667;32157
23;4;2020;13.36;10.70833333;0;1020.829167;72.875;32621
24;4;2020;10.48;10.22083333;0;1007.716667;62;30214
25;4;2020;12.26;8.808333333;0;1010.079167;59;34275
26;4;2020;6.39;7.895833333;0.9;1008.6375;82.75;21981
27;4;2020;0;8.079166667;7.2;1005.5375;82.79166667;4950
28;4;2020;5.46;8.358333333;0;1005.083333;74.16666667;31673
29;4;2020;0.99;7.191666667;0;1008.520833;69.66666667;18072
30;4;2020;0.1;6.845833333;7;1003.433333;74.25;9950
1;5;2020;0.01;8.745833333;2;999.0958333;89.95833333;10848
2;5;2020;3.44;8.595833333;6.4;1002.229167;90.58333333;11300
3;5;2020;13.76;9.720833333;0;1009.645833;78.16666667;37321
4;5;2020;6.91;8.375;0;1015.141667;74.20833333;35736
5;5;2020;12.6;8.5;0;1020.116667;67.5;33616
6;5;2020;14.41;9.633333333;0;1017.825;73.83333333;37504
7;5;2020;14.75;10.37083333;0;1017.2125;69.91666667;34650
8;5;2020;6.57;9.779166667;0;1013.120833;78.75;19026
9;5;2020;12.93;10.62083333;0;1013.154167;76.45833333;36144
10;5;2020;1.91;9.670833333;1.8;1006.229167;82.83333333;13417
11;5;2020;15.61;6.120833333;0;1011.0625;48.58333333;38654
12;5;2020;8.73;7.316666667;0.1;1006.279167;54.91666667;27181
13;5;2020;15.87;6.654166667;0;1011.525;47.25;39791
14;5;2020;8.39;8.454166667;0;1013.0125;63.83333333;39409
15;5;2020;7.35;9.35;1.7;1009.791667;73.83333333;32599
16;5;2020;6.19;8.833333333;0;1009.016667;67.54166667;31287
17;5;2020;3.06;9.1875;0;1010.308333;71.91666667;29602
18;5;2020;11.96;9.508333333;1.7;1014.191667;68.45833333;36462
19;5;2020;7.48;9.304166667;0;1015.158333;80.375;32367
20;5;2020;13.29;10.55416667;0;1022.433333;80.08333333;40613
21;5;2020;13.44;11.4875;0;1024.075;71.375;39528
22;5;2020;5.95;12.58333333;5.4;1018.833333;70.04166667;29002
23;5;2020;2.44;11.86666667;1.9;1013.033333;88.66666667;22643
24;5;2020;0.06;10.875;7.4;1013.141667;88.75;15522
25;5;2020;6.55;12.0125;0;1026.9125;86.875;25145
26;5;2020;15.31;12.95;0;1033.679167;82.83333333;40779
27;5;2020;6.85;12.49166667;0;1029.879167;76.66666667;21859
28;5;2020;16.23;12.50833333;0;1030.808333;71.16666667;39555
29;5;2020;16.43;13.0375;0;1030.033333;70.75;41800
30;5;2020;16.55;15.63333333;0;1028.483333;55.08333333;38552
31;5;2020;16.42;16.34166667;0;1029.025;52.91666667;39914
1;6;2020;16.52;15.5625;0;1027;68.66666667;38926
2;6;2020;16.68;16.0125;0;1017.383333;67.625;39211
3;6;2020;10.23;15.14166667;0;1007.679167;79.45833333;28431
4;6;2020;10.67;15.46666667;3.9;998.3583333;54.79166667;37313
5;6;2020;4.46;12.95416667;7;990.3083333;75.04166667;14998
6;6;2020;6.47;12.16666667;0.3;992.2;74.625;21996
7;6;2020;9.57;13.81666667;0;1003.95;72.04166667;35763
8;6;2020;14.44;14.84583333;0;1012.079167;74.83333333;41704
9;6;2020;13.62;14.07916667;0;1018.329167;68.5;36923
10;6;2020;10.39;15.14583333;0;1019.2125;72.04166667;36227
11;6;2020;12.23;19.06666667;0;1019.195833;48.75;37063
12;6;2020;7.59;19.90833333;0;1017.9375;48;37096
13;6;2020;10.17;19.19166667;0;1019.004167;59.08333333;35712
14;6;2020;16.74;18.62916667;0;1019.75;59.29166667;38306
15;6;2020;17.08;18.4;0;1016.820833;67.04166667;41031
16;6;2020;10.5;19.35416667;0;1013.366667;62.91666667;32496
17;6;2020;4.46;18.51666667;0;1013.558333;77.58333333;21046
18;6;2020;10.92;19.32916667;0;1013.345833;77.08333333;33779
19;6;2020;8.02;19.9875;4.3;1012.816667;72.54166667;17130
20;6;2020;1.75;19.0375;7.5;1014.858333;80.04166667;17478
21;6;2020;0.05;17.50416667;36.2;1017.179167;89.16666667;6702
22;6;2020;0.52;17.27083333;4.2;1018.779167;78;24073
23;6;2020;13.79;17.40833333;0;1023.1875;79.75;39413
24;6;2020;16.27;19.20833333;0;1026.85;80.45833333;40639
25;6;2020;16.34;20.04583333;0;1025.5;75.20833333;37542
26;6;2020;14.2;21.95833333;0;1018.479167;68.54166667;39606
27;6;2020;12.76;22.02916667;0;1010.2625;69.79166667;37033
28;6;2020;0.99;20.07083333;0.4;1007.608333;81.91666667;21363
29;6;2020;8.21;18.07083333;3.5;1006.316667;69.375;35338
30;6;2020;1.22;16.1375;1;995.5083333;80.25;20278
1;7;2020;6.18;16.5;0.8;998.4833333;76.125;23533
2;7;2020;11.27;15.93333333;0;1004;61.08333333;39114
3;7;2020;2.16;14.7875;12.7;1008.675;66.95833333;26883
4;7;2020;0.11;15.5125;3.4;1002.695833;88.125;12920
5;7;2020;1.22;16.23333333;14.2;995.9041667;85.16666667;18585
6;7;2020;1.2;14.575;1.3;996.25;78.125;20119
7;7;2020;4.82;14.01666667;0.3;1006.9625;67;32815
8;7;2020;12.2;14.44583333;0;1007.904167;66.04166667;37990
9;7;2020;14.15;14.52916667;0;1010.383333;71.83333333;36423
10;7;2020;7.09;14.35833333;0;1007.920833;71.375;28238
11;7;2020;10.2;15.375;0;1013.379167;69.125;36387
12;7;2020;7.07;15.20833333;0;1019.55;72.25;30904
13;7;2020;4.74;15.49166667;1.7;1018.770833;75.54166667;22902
14;7;2020;0.01;15.3875;21.7;1011.579167;88.70833333;11784
15;7;2020;4.67;15.87083333;0.9;1010.716667;85.25;28830
16;7;2020;8.9;15.82916667;0;1015.179167;76.58333333;26436
17;7;2020;14.01;16.83333333;0;1018.4375;81.04166667;39130
18;7;2020;8.83;17.67083333;0;1018.075;84.75;33239
19;7;2020;0.06;18.44166667;0.6;1014.416667;88.5;25940
20;7;2020;8.07;16.3375;0.3;1012.791667;75.66666667;33773
21;7;2020;10.21;15.80833333;0;1014.6375;67.41666667;34533
22;7;2020;14.08;16.04583333;0;1016.375;69.08333333;37656
23;7;2020;12.35;15.98333333;10.4;1012.341667;72.625;37901
24;7;2020;3.5;15.5;6.7;1003.808333;81.375;13697
25;7;2020;12.6;16.275;0;1008.029167;79.58333333;35968
26;7;2020;0.52;17.2125;2.4;1006.208333;86.125;11034
27;7;2020;11.36;16.9;5.5;1012.883333;81.25;36563
28;7;2020;1.34;16.62083333;1.5;1003.620833;79.79166667;17950
29;7;2020;0.03;15.19583333;2.1;1004.933333;80.25;11247
30;7;2020;0.05;15.1875;0;1011.433333;80.66666667;10088
31;7;2020;14.46;17.24166667;0;1016.879167;81.16666667;33979
1;8;2020;13.2;17.9;0;1016.158333;80.45833333;35595
2;8;2020;1.47;16.95833333;0;1009.270833;81.54166667;10082
3;8;2020;9.84;16.1125;0;1009.541667;74.16666667;28449
4;8;2020;14.15;16.17083333;0.3;1011.754167;66.20833333;35300
5;8;2020;0;16.38333333;8;1012.925;83.625;6685
6;8;2020;8.25;18.6;0;1020.220833;81.04166667;27516
7;8;2020;13.52;19.9375;0;1023.420833;70.91666667;32506
8;8;2020;13.26;20.20833333;0;1022.091667;64.58333333;32812
9;8;2020;14.44;19.90833333;0;1020.983333;80.95833333;30968
10;8;2020;14.48;19.12916667;0;1021.304167;89.29166667;31010
11;8;2020;5.34;20.20833333;0;1023.975;76.375;27634
12;8;2020;13.56;19.81666667;0;1022.558333;71.45833333;30635
13;8;2020;13.1;20.00833333;0;1017.991667;79.16666667;31755
14;8;2020;14.14;20.96666667;0;1014.845833;77.25;31262
15;8;2020;14.41;20.49166667;0;1016.2625;84.66666667;31173
16;8;2020;14.07;21.27083333;0;1015.770833;74.41666667;30710
17;8;2020;11.91;22.74166667;0;1012.3375;70.04166667;26947
18;8;2020;7.56;22.5125;0;1008.508333;72.16666667;28267
19;8;2020;3.96;21.07916667;0;1009.020833;78.20833333;23231
20;8;2020;3.71;20;2.8;1009.4625;85.5;12715
21;8;2020;1.17;20.7625;3.3;1008.125;86.625;14095
22;8;2020;8.94;20.24583333;0;1005.779167;76.54166667;26499
23;8;2020;4.61;18.0125;0;1004.375;75.625;24581
24;8;2020;10.54;16.17083333;0;1007.558333;59.33333333;30002
25;8;2020;11.14;15.89583333;1.4;1007.091667;58.08333333;28386
26;8;2020;0;15.37916667;1.3;999.6708333;79.375;14636
27;8;2020;6.12;16.30833333;0;1009.141667;70.29166667;14675
28;8;2020;2.38;14.85;1.2;1006.395833;78.875;11353
29;8;2020;0.89;14.99166667;1.4;1003.608333;79.45833333;10844
30;8;2020;11.58;15.15416667;0;1010.066667;79.83333333;26367
31;8;2020;13.45;14.55416667;0;1017.654167;68.125;27954
1;9;2020;11.92;15.80416667;0;1021.904167;71.58333333;26043
2;9;2020;8.96;16.61666667;0;1020.025;63.375;20788
3;9;2020;7.9;16.175;2.5;1012.9125;81.04166667;20872
4;9;2020;3.44;16.80833333;0;1010.429167;74.125;19913
5;9;2020;5.22;15.275;0.4;1007.704167;73.125;19547
6;9;2020;6.1;14.7875;0;1009.7;70.58333333;19504
7;9;2020;9.2;15.6125;5.7;1015.0125;66.83333333;23865
8;9;2020;5.22;16.025;0.9;1012.2375;78.375;21118
9;9;2020;4.36;16.07916667;0;1008.495833;80.66666667;10933
10;9;2020;10.41;14.2875;0;1013.941667;59.45833333;23010
11;9;2020;1.5;14.75416667;4.9;1012.4;73.45833333;11371
12;9;2020;0.85;14.725;5.4;1008.9625;79.625;6177
13;9;2020;0;15.08333333;0.7;1014.766667;86.54166667;4521
14;9;2020;0.73;16.44583333;0;1021.629167;90.79166667;15390
15;9;2020;4.68;15.20833333;0;1020.725;97.375;15988
16;9;2020;5.19;14.8375;0;1017.904167;72.79166667;12547
17;9;2020;11.28;11.9125;0;1030.345833;60.04166667;20740
18;9;2020;3.58;14.20833333;0;1026.7125;80.79166667;14240
19;9;2020;4.6;14.21666667;0;1023.595833;93.25;14270
20;9;2020;0.01;14.11666667;0;1021.366667;87.75;4592
21;9;2020;0;13.8375;0;1016.0375;86.375;3625
22;9;2020;0.91;14.56666667;0;1008.491667;82.29166667;18224
23;9;2020;8.48;15.76666667;0;1000.716667;87.25;17719
24;9;2020;5.87;16.08333333;1.3;997.075;77.79166667;13380
25;9;2020;0;13.9875;26.4;998.2625;80.70833333;4531
26;9;2020;1.06;15.42916667;0;998.2583333;89.125;7200
27;9;2020;3.31;16.52916667;0;1008.704167;87.20833333;16237
28;9;2020;4.61;15.54166667;1.2;1011.954167;84.75;8318
29;9;2020;6.88;14.6375;0;1015.691667;83.33333333;12027
30;9;2020;1.65;14.50833333;0;1015.841667;85.83333333;10166
1;10;2020;1.51;13.8;0;1011.079167;79.95833333;10353
2;10;2020;5.3;15.79166667;0;1008.729167;74.16666667;12394
3;10;2020;0.54;15.5;0;1004.554167;77.625;7334
4;10;2020;0;15.36666667;12.1;996.1333333;86.33333333;950
5;10;2020;8.31;14.18333333;0.5;1004.2;78.91666667;13812
6;10;2020;3.36;13.78333333;4;871.6166667;75.75;8640
7;10;2020;0.76;13.57083333;1.3;1000.291667;85;7113
8;10;2020;0.37;13.025;7.5;1005.4375;83.66666667;7375
9;10;2020;4.78;12.425;9.5;1009.075;70.45833333;11265
10;10;2020;1.34;11.40416667;3.7;1008.808333;73.66666667;8372
11;10;2020;0.84;11.05416667;3.3;1011.770833;77.04166667;10321
12;10;2020;5.41;12.1375;7.1;1013.075;75.58333333;12531
13;10;2020;5.52;10.67083333;0;1019.041667;78.75;10221
14;10;2020;6.03;8.295833333;0;1024.625;70.66666667;12032
15;10;2020;9.54;8.308333333;0;1024.475;69.75;11440
16;10;2020;5.42;8.925;0;1024.308333;76.04166667;9591
17;10;2020;5.34;9.595833333;0;1016.441667;77.41666667;9437
18;10;2020;9.2;9.1375;0;1011.3875;51.125;10352
19;10;2020;7.13;9.533333333;0.2;1015.416667;59.79166667;10615
20;10;2020;0;11.05;3.3;1009.295833;79.66666667;2709
21;10;2020;0;11.87083333;28.3;1000.141667;96.83333333;1129
22;10;2020;0;12.47916667;2.1;996.6916667;93.5;4472
23;10;2020;3.7;11.175;7.9;1003.2625;76;4166
24;10;2020;2.4;11.71666667;0;1003.308333;85.58333333;7644
25;10;2020;0;12.17916667;6.2;998.175;90.54166667;459
26;10;2020;0;11.54166667;0.9;998.6708333;87.45833333;2844
27;10;2020;0.15;10.96666667;3.4;997.9666667;80.375;3338
28;10;2020;4.05;11.15;3.2;998.325;82.5;6611
29;10;2020;2.09;10.38333333;1;1004.470833;82.25;3595
30;10;2020;0;9.7875;0.8;1011.691667;91.75;2973
31;10;2020;6.56;11.35833333;2.2;1015.6625;91.08333333;6450
1;11;2020;1.62;11.82916667;6.4;1003.929167;91.83333333;5110
2;11;2020;0;12.775;2;993.5625;94.20833333;1601
3;11;2020;2.38;11.1625;3;1010.233333;79.66666667;4101
4;11;2020;4.21;10.05833333;0;1017.291667;75.04166667;5503
5;11;2020;0;11.2375;0;1022.554167;83.125;1626
6;11;2020;7.44;11.77916667;0;1026.691667;86.70833333;5353
7;11;2020;0;10.65416667;0;1023.4875;88.08333333;1736
8;11;2020;1.3;10.46666667;0;1024.5125;81.5;4222
9;11;2020;0;9.016666667;0;1029.175;80.625;1090
10;11;2020;0;9.35;0;1030.283333;83.41666667;590
11;11;2020;0;8.141666667;0.4;1025.970833;85.95833333;162
12;11;2020;0;7.375;0.1;1018.9125;88;558
13;11;2020;0;8.766666667;2.3;1014.129167;91.58333333;1575
14;11;2020;2.98;9.625;0.2;1012.425;89.04166667;4161
15;11;2020;0;10.67083333;3.1;1004.6125;91;3393
16;11;2020;0.12;10.48333333;0.9;1001.6625;87.66666667;1200
17;11;2020;0;10.57083333;10.6;1009.641667;92.70833333;450
18;11;2020;0;11.0875;2.2;1008.7125;93.45833333;1040
19;11;2020;1.11;8.2;0.7;1001.104167;65.5;1484
20;11;2020;5.99;7.029166667;3.2;1022.704167;52.66666667;2708
21;11;2020;0;8.820833333;4.3;1011.65;86.33333333;30
22;11;2020;0.16;8.991666667;2.8;1007.345833;74.16666667;2447
23;11;2020;4.16;8.558333333;6.5;1013.2625;74.58333333;2629
24;11;2020;0;9.616666667;3.2;1012.658333;92.5;201
25;11;2020;0.2;8.8875;2.3;1012.104167;88.29166667;2355
26;11;2020;5.14;8.120833333;0;1013.041667;80.95833333;1794
27;11;2020;6.82;3.095833333;0;1021.895833;87.58333333;1764
28;11;2020;1.53;0.2625;0;1028.366667;93.41666667;979
29;11;2020;0;0.870833333;0;1028.704167;88.625;358
30;11;2020;0;4.520833333;6.8;1016.575;82;185
1;12;2020;1.95;4.191666667;0.6;1018.6875;89;785
2;12;2020;0;4.683333333;0;1018.925;82.33333333;217
3;12;2020;0;3.895833333;0.4;1002.220833;78.66666667;381
4;12;2020;0;3.958333333;0.3;997.6583333;82.45833333;382
5;12;2020;0;5.65;0;1002.204167;86.91666667;824
6;12;2020;0;6.4375;0;1007.370833;88.125;229
7;12;2020;0;6.954166667;0.4;1004.4;85.29166667;954
8;12;2020;0;5;1.4;1010.075;92.33333333;131
9;12;2020;0;4.741666667;6.8;1014.1;91;188
10;12;2020;0;4.204166667;0;1012.2875;86.875;53
11;12;2020;0;3.070833333;0;1006.058333;82.08333333;442
12;12;2020;0;4.258333333;0.6;1006.495833;86.29166667;497
13;12;2020;0;5.15;0;1011.383333;92.54166667;209
14;12;2020;0;5.270833333;3.6;1008.595833;89.125;868
15;12;2020;0;6.8;4.7;1007.0125;97.41666667;100
16;12;2020;0;6.954166667;0;1015.2375;96.375;963
17;12;2020;0;6.708333333;10;1012.266667;95.625;63
18;12;2020;0;7.054166667;5.7;1014.483333;95;307
19;12;2020;0.04;6.404166667;0.8;1013.058333;94.33333333;1290
20;12;2020;0;6.920833333;0;1013.8;95.5;696
21;12;2020;0;6.8125;3.9;1012.6125;92.375;473
22;12;2020;0;6.541666667;4.9;1002.079167;89.41666667;368
23;12;2020;1.58;6.2375;0;1006.6375;85.58333333;1761
24;12;2020;3.56;2.904166667;0;1009.529167;83.91666667;1410
25;12;2020;4.41;1.591666667;0;1017.375;66.54166667;852
26;12;2020;0;4.3375;11.4;1006.358333;87.5;420
27;12;2020;0;4.358333333;20.6;982.6708333;95.08333333;27
28;12;2020;0;3.825;0.4;984.1;89.70833333;279
29;12;2020;0;4.3625;4;986.8916667;90.54166667;215
30;12;2020;0;4.475;5.4;993.2208333;89.70833333;459
31;12;2020;0;4.683333333;2.4;998.2041667;90.91666667;247
